,CCG_Sample_ID,Condition,VB_Internal_Sample_ID,Cell_line,Knockdown,Replicate,Relevant,Spike-Ins,Library_prep,Sequencing,platform,bams,raw_reads
0,A006200072_119951,control         ,33F-1                ,HEK 293 Flp-In T-REx (Z023)   ,Luc      ,1.0,TRUE    ,SIRV-Set 1: E0,polyA       ,"Paired End, 2x100bp",illumina,/prj/Niels_Gehring/batchMar_19W14/workflow/mapping/A006200072_119951_S89_L002_STARmapping/Aligned.noS.bam,/prj/Niels_Gehring/batchMar_19W14/workflow/raw_reads/A006200072_119951_S89_L002_R1_001.fastq.gz
1,A006200072_119954,control         ,33F-2                ,HEK 293 Flp-In T-REx (Z023)   ,Luc      ,2.0,TRUE    ,SIRV-Set 1: E0,polyA       ,"Paired End, 2x100bp",illumina,/prj/Niels_Gehring/batchMar_19W14/workflow/mapping/A006200072_119954_S90_L002_STARmapping/Aligned.noS.bam,/prj/Niels_Gehring/batchMar_19W14/workflow/raw_reads/A006200072_119954_S90_L002_R1_001.fastq.gz
2,A006200072_119956,control         ,33F-3                ,HEK 293 Flp-In T-REx (Z023)   ,Luc      ,3.0,TRUE    ,SIRV-Set 1: E0,polyA       ,"Paired End, 2x100bp",illumina,/prj/Niels_Gehring/batchMar_19W14/workflow/mapping/A006200072_119956_S91_L002_STARmapping/Aligned.noS.bam,/prj/Niels_Gehring/batchMar_19W14/workflow/raw_reads/A006200072_119956_S91_L002_R1_001.fastq.gz
3,A006200072_119958,SMG5KD          ,33F-4                ,HEK 293 Flp-In T-REx (Z023)   ,SMG5     ,1.0,TRUE    ,SIRV-Set 1: E1,polyA       ,"Paired End, 2x100bp",illumina,/prj/Niels_Gehring/batchMar_19W14/workflow/mapping/A006200072_119958_S92_L002_STARmapping/Aligned.noS.bam,/prj/Niels_Gehring/batchMar_19W14/workflow/raw_reads/A006200072_119958_S92_L002_R1_001.fastq.gz
4,A006200072_119960,SMG5KD          ,33F-5                ,HEK 293 Flp-In T-REx (Z023)   ,SMG5     ,2.0,TRUE    ,SIRV-Set 1: E1,polyA       ,"Paired End, 2x100bp",illumina,/prj/Niels_Gehring/batchMar_19W14/workflow/mapping/A006200072_119960_S93_L002_STARmapping/Aligned.noS.bam,/prj/Niels_Gehring/batchMar_19W14/workflow/raw_reads/A006200072_119960_S93_L002_R1_001.fastq.gz
5,A006200072_119962,SMG5KD          ,33F-6                ,HEK 293 Flp-In T-REx (Z023)   ,SMG5     ,3.0,TRUE    ,SIRV-Set 1: E1,polyA       ,"Paired End, 2x100bp",illumina,/prj/Niels_Gehring/batchMar_19W14/workflow/mapping/A006200072_119962_S94_L002_STARmapping/Aligned.noS.bam,/prj/Niels_Gehring/batchMar_19W14/workflow/raw_reads/A006200072_119962_S94_L002_R1_001.fastq.gz
6,A006200072_119964,SMG7KO_2        ,33F-7                ,HEK 293 FT SMG7 KO AD-2 (Z245),Luc      ,1.0,TRUE    ,SIRV-Set 1: E0,polyA       ,"Paired End, 2x100bp",illumina,/prj/Niels_Gehring/batchMar_19W14/workflow/mapping/A006200072_119964_S95_L002_STARmapping/Aligned.noS.bam,/prj/Niels_Gehring/batchMar_19W14/workflow/raw_reads/A006200072_119964_S95_L002_R1_001.fastq.gz
7,A006200072_119966,SMG7KO_2        ,33F-8                ,HEK 293 FT SMG7 KO AD-2 (Z245),Luc      ,2.0,TRUE    ,SIRV-Set 1: E0,polyA       ,"Paired End, 2x100bp",illumina,/prj/Niels_Gehring/batchMar_19W14/workflow/mapping/A006200072_119966_S96_L002_STARmapping/Aligned.noS.bam,/prj/Niels_Gehring/batchMar_19W14/workflow/raw_reads/A006200072_119966_S96_L002_R1_001.fastq.gz
8,A006200072_119968,SMG7KO_2        ,33F-9                ,HEK 293 FT SMG7 KO AD-2 (Z245),Luc      ,3.0,TRUE    ,SIRV-Set 1: E0,polyA       ,"Paired End, 2x100bp",illumina,/prj/Niels_Gehring/batchMar_19W14/workflow/mapping/A006200072_119968_S97_L002_STARmapping/Aligned.noS.bam,/prj/Niels_Gehring/batchMar_19W14/workflow/raw_reads/A006200072_119968_S97_L002_R1_001.fastq.gz
9,A006200072_119970,SMG7KO_2_SMG5KD ,33F-10               ,HEK 293 FT SMG7 KO AD-2 (Z245),SMG5     ,1.0,TRUE    ,SIRV-Set 1: E1,polyA       ,"Paired End, 2x100bp",illumina,/prj/Niels_Gehring/batchMar_19W14/workflow/mapping/A006200072_119970_S98_L002_STARmapping/Aligned.noS.bam,/prj/Niels_Gehring/batchMar_19W14/workflow/raw_reads/A006200072_119970_S98_L002_R1_001.fastq.gz
10,A006200072_119972,SMG7KO_2_SMG5KD ,33F-11               ,HEK 293 FT SMG7 KO AD-2 (Z245),SMG5     ,2.0,TRUE    ,SIRV-Set 1: E1,polyA       ,"Paired End, 2x100bp",illumina,/prj/Niels_Gehring/batchMar_19W14/workflow/mapping/A006200072_119972_S99_L002_STARmapping/Aligned.noS.bam,/prj/Niels_Gehring/batchMar_19W14/workflow/raw_reads/A006200072_119972_S99_L002_R1_001.fastq.gz
11,A006200072_119974,SMG7KO_2_SMG5KD ,33F-12               ,HEK 293 FT SMG7 KO AD-2 (Z245),SMG5     ,3.0,TRUE    ,SIRV-Set 1: E1,polyA       ,"Paired End, 2x100bp",illumina,/prj/Niels_Gehring/batchMar_19W14/workflow/mapping/A006200072_119974_S100_L002_STARmapping/Aligned.noS.bam,/prj/Niels_Gehring/batchMar_19W14/workflow/raw_reads/A006200072_119974_S100_L002_R1_001.fastq.gz
12,A006200072_119976,SMG7KO_2_SMG6KD ,33F-13               ,HEK 293 FT SMG7 KO AD-2 (Z245),SMG6     ,1.0,TRUE    ,SIRV-Set 1: E2,polyA       ,"Paired End, 2x100bp",illumina,/prj/Niels_Gehring/batchMar_19W14/workflow/mapping/A006200072_119976_S101_L002_STARmapping/Aligned.noS.bam,/prj/Niels_Gehring/batchMar_19W14/workflow/raw_reads/A006200072_119976_S101_L002_R1_001.fastq.gz
13,A006200072_119978,SMG7KO_2_SMG6KD ,33F-14               ,HEK 293 FT SMG7 KO AD-2 (Z245),SMG6     ,2.0,TRUE    ,SIRV-Set 1: E2,polyA       ,"Paired End, 2x100bp",illumina,/prj/Niels_Gehring/batchMar_19W14/workflow/mapping/A006200072_119978_S102_L002_STARmapping/Aligned.noS.bam,/prj/Niels_Gehring/batchMar_19W14/workflow/raw_reads/A006200072_119978_S102_L002_R1_001.fastq.gz
14,A006200072_119980,SMG7KO_2_SMG6KD ,33F-15               ,HEK 293 FT SMG7 KO AD-2 (Z245),SMG6     ,3.0,TRUE    ,SIRV-Set 1: E2,polyA       ,"Paired End, 2x100bp",illumina,/prj/Niels_Gehring/batchMar_19W14/workflow/mapping/A006200072_119980_S103_L002_STARmapping/Aligned.noS.bam,/prj/Niels_Gehring/batchMar_19W14/workflow/raw_reads/A006200072_119980_S103_L002_R1_001.fastq.gz
15,A006200072_119982,SMG7KO_34       ,33F-16               ,HEK 293 FT SMG7 KO 32 (Z319)  ,Luc      ,1.0,TRUE    ,SIRV-Set 1: E0,polyA       ,"Paired End, 2x100bp",illumina,/prj/Niels_Gehring/batchMar_19W14/workflow/mapping/A006200072_119982_S104_L002_STARmapping/Aligned.noS.bam,/prj/Niels_Gehring/batchMar_19W14/workflow/raw_reads/A006200072_119982_S104_L002_R1_001.fastq.gz
16,A006200072_119984,SMG7KO_34       ,33F-17               ,HEK 293 FT SMG7 KO 32 (Z319)  ,Luc      ,2.0,TRUE    ,SIRV-Set 1: E0,polyA       ,"Paired End, 2x100bp",illumina,/prj/Niels_Gehring/batchMar_19W14/workflow/mapping/A006200072_119984_S105_L002_STARmapping/Aligned.noS.bam,/prj/Niels_Gehring/batchMar_19W14/workflow/raw_reads/A006200072_119984_S105_L002_R1_001.fastq.gz
17,A006200072_119986,SMG7KO_34       ,33F-18               ,HEK 293 FT SMG7 KO 32 (Z319)  ,Luc      ,3.0,TRUE    ,SIRV-Set 1: E0,polyA       ,"Paired End, 2x100bp",illumina,/prj/Niels_Gehring/batchMar_19W14/workflow/mapping/A006200072_119986_S106_L002_STARmapping/Aligned.noS.bam,/prj/Niels_Gehring/batchMar_19W14/workflow/raw_reads/A006200072_119986_S106_L002_R1_001.fastq.gz
18,A006200072_119988,SMG7KO_34_SMG5KD,33F-19               ,HEK 293 FT SMG7 KO 32 (Z319)  ,SMG5     ,1.0,TRUE    ,SIRV-Set 1: E1,polyA       ,"Paired End, 2x100bp",illumina,/prj/Niels_Gehring/batchMar_19W14/workflow/mapping/A006200072_119988_S107_L002_STARmapping/Aligned.noS.bam,/prj/Niels_Gehring/batchMar_19W14/workflow/raw_reads/A006200072_119988_S107_L002_R1_001.fastq.gz
19,A006200072_119990,SMG7KO_34_SMG5KD,33F-20               ,HEK 293 FT SMG7 KO 32 (Z319)  ,SMG5     ,2.0,TRUE    ,SIRV-Set 1: E1,polyA       ,"Paired End, 2x100bp",illumina,/prj/Niels_Gehring/batchMar_19W14/workflow/mapping/A006200072_119990_S108_L002_STARmapping/Aligned.noS.bam,/prj/Niels_Gehring/batchMar_19W14/workflow/raw_reads/A006200072_119990_S108_L002_R1_001.fastq.gz
20,A006200072_119992,SMG7KO_34_SMG5KD,33F-21               ,HEK 293 FT SMG7 KO 32 (Z319)  ,SMG5     ,3.0,TRUE    ,SIRV-Set 1: E1,polyA       ,"Paired End, 2x100bp",illumina,/prj/Niels_Gehring/batchMar_19W14/workflow/mapping/A006200072_119992_S109_L002_STARmapping/Aligned.noS.bam,/prj/Niels_Gehring/batchMar_19W14/workflow/raw_reads/A006200072_119992_S109_L002_R1_001.fastq.gz
21,A006200072_119994,SMG7KO_34_SMG6KD,33F-22               ,HEK 293 FT SMG7 KO 32 (Z319)  ,SMG6     ,1.0,TRUE    ,SIRV-Set 1: E2,polyA       ,"Paired End, 2x100bp",illumina,/prj/Niels_Gehring/batchMar_19W14/workflow/mapping/A006200072_119994_S110_L002_STARmapping/Aligned.noS.bam,/prj/Niels_Gehring/batchMar_19W14/workflow/raw_reads/A006200072_119994_S110_L002_R1_001.fastq.gz
22,A006200072_119996,SMG7KO_34_SMG6KD,33F-23               ,HEK 293 FT SMG7 KO 32 (Z319)  ,SMG6     ,2.0,TRUE    ,SIRV-Set 1: E2,polyA       ,"Paired End, 2x100bp",illumina,/prj/Niels_Gehring/batchMar_19W14/workflow/mapping/A006200072_119996_S111_L002_STARmapping/Aligned.noS.bam,/prj/Niels_Gehring/batchMar_19W14/workflow/raw_reads/A006200072_119996_S111_L002_R1_001.fastq.gz
23,A006200072_119998,SMG7KO_34_SMG6KD,33F-24               ,HEK 293 FT SMG7 KO 32 (Z319)  ,SMG6     ,3.0,TRUE    ,SIRV-Set 1: E2,polyA       ,"Paired End, 2x100bp",illumina,/prj/Niels_Gehring/batchMar_19W14/workflow/mapping/A006200072_119998_S112_L002_STARmapping/Aligned.noS.bam,/prj/Niels_Gehring/batchMar_19W14/workflow/raw_reads/A006200072_119998_S112_L002_R1_001.fastq.gz
24,A006200075_120287,HEK_control     ,33G-1                ,HEK 293 Flp-In T-REx (Z023)   ,Luc      ,1.0,TRUE    ,ERCC          ,polyA       ,"Paired End, 2x100bp",illumina,/prj/Niels_Gehring/KD_different_cell_lines_with_SMG6_SMG7/batch3_19W14/workflow/mapping/A006200075_120287_S42_L002_STARmapping/Aligned.noS.bam,/prj/Niels_Gehring/KD_different_cell_lines_with_SMG6_SMG7/batch3_19W14/A006200075_120287_S42_L002_R1_001.fastq.gz
25,A006200075_120289,HEK_control     ,33G-2                ,HEK 293 Flp-In T-REx (Z023)   ,Luc      ,2.0,TRUE    ,ERCC          ,polyA       ,"Paired End, 2x100bp",illumina,/prj/Niels_Gehring/KD_different_cell_lines_with_SMG6_SMG7/batch3_19W14/workflow/mapping/A006200075_120289_S43_L002_STARmapping/Aligned.noS.bam,/prj/Niels_Gehring/KD_different_cell_lines_with_SMG6_SMG7/batch3_19W14/A006200075_120289_S43_L002_R1_001.fastq.gz
26,A006200075_120291,HEK_control     ,33G-3                ,HEK 293 Flp-In T-REx (Z023)   ,Luc      ,3.0,TRUE    ,ERCC          ,polyA       ,"Paired End, 2x100bp",illumina,/prj/Niels_Gehring/KD_different_cell_lines_with_SMG6_SMG7/batch3_19W14/workflow/mapping/A006200075_120291_S44_L002_STARmapping/Aligned.noS.bam,/prj/Niels_Gehring/KD_different_cell_lines_with_SMG6_SMG7/batch3_19W14/A006200075_120291_S44_L002_R1_001.fastq.gz
27,A006200075_120293,HEK_SMG67       ,33G-4                ,HEK 293 Flp-In T-REx (Z023)   ,SMG6+SMG7,1.0,TRUE    ,ERCC          ,polyA       ,"Paired End, 2x100bp",illumina,/prj/Niels_Gehring/KD_different_cell_lines_with_SMG6_SMG7/batch3_19W14/workflow/mapping/A006200075_120293_S45_L002_STARmapping/Aligned.noS.bam,/prj/Niels_Gehring/KD_different_cell_lines_with_SMG6_SMG7/batch3_19W14/A006200075_120293_S45_L002_R1_001.fastq.gz
28,A006200075_120295,HEK_SMG67       ,33G-5                ,HEK 293 Flp-In T-REx (Z023)   ,SMG6+SMG7,2.0,TRUE    ,ERCC          ,polyA       ,"Paired End, 2x100bp",illumina,/prj/Niels_Gehring/KD_different_cell_lines_with_SMG6_SMG7/batch3_19W14/workflow/mapping/A006200075_120295_S46_L002_STARmapping/Aligned.noS.bam,/prj/Niels_Gehring/KD_different_cell_lines_with_SMG6_SMG7/batch3_19W14/A006200075_120295_S46_L002_R1_001.fastq.gz
29,A006200075_120297,HEK_SMG67       ,33G-6                ,HEK 293 Flp-In T-REx (Z023)   ,SMG6+SMG7,3.0,TRUE    ,ERCC          ,polyA       ,"Paired End, 2x100bp",illumina,/prj/Niels_Gehring/KD_different_cell_lines_with_SMG6_SMG7/batch3_19W14/workflow/mapping/A006200075_120297_S47_L002_STARmapping/Aligned.noS.bam,/prj/Niels_Gehring/KD_different_cell_lines_with_SMG6_SMG7/batch3_19W14/A006200075_120297_S47_L002_R1_001.fastq.gz
30,A006200075_120299,HeLa_control    ,33G-7                ,HeLa TetOff (Z021)            ,Luc      ,1.0,TRUE    ,ERCC          ,polyA       ,"Paired End, 2x100bp",illumina,/prj/Niels_Gehring/KD_different_cell_lines_with_SMG6_SMG7/batch3_19W14/workflow/mapping/A006200075_120299_S48_L002_STARmapping/Aligned.noS.bam,/prj/Niels_Gehring/KD_different_cell_lines_with_SMG6_SMG7/batch3_19W14/A006200075_120299_S48_L002_R1_001.fastq.gz
31,A006200075_120301,HeLa_control    ,33G-8                ,HeLa TetOff (Z021)            ,Luc      ,2.0,TRUE    ,ERCC          ,polyA       ,"Paired End, 2x100bp",illumina,/prj/Niels_Gehring/KD_different_cell_lines_with_SMG6_SMG7/batch3_19W14/workflow/mapping/A006200075_120301_S49_L002_STARmapping/Aligned.noS.bam,/prj/Niels_Gehring/KD_different_cell_lines_with_SMG6_SMG7/batch3_19W14/A006200075_120301_S49_L002_R1_001.fastq.gz
32,A006200075_120303,HeLa_control    ,33G-9                ,HeLa TetOff (Z021)            ,Luc      ,3.0,TRUE    ,ERCC          ,polyA       ,"Paired End, 2x100bp",illumina,/prj/Niels_Gehring/KD_different_cell_lines_with_SMG6_SMG7/batch3_19W14/workflow/mapping/A006200075_120303_S50_L002_STARmapping/Aligned.noS.bam,/prj/Niels_Gehring/KD_different_cell_lines_with_SMG6_SMG7/batch3_19W14/A006200075_120303_S50_L002_R1_001.fastq.gz
33,A006200075_120305,HeLa_SMG67      ,33G-10               ,HeLa TetOff (Z021)            ,SMG6+SMG7,1.0,TRUE    ,ERCC          ,polyA       ,"Paired End, 2x100bp",illumina,/prj/Niels_Gehring/KD_different_cell_lines_with_SMG6_SMG7/batch3_19W14/workflow/mapping/A006200075_120305_S51_L002_STARmapping/Aligned.noS.bam,/prj/Niels_Gehring/KD_different_cell_lines_with_SMG6_SMG7/batch3_19W14/A006200075_120305_S51_L002_R1_001.fastq.gz
34,A006200075_120307,HeLa_SMG67      ,33G-11               ,HeLa TetOff (Z021)            ,SMG6+SMG7,2.0,TRUE    ,ERCC          ,polyA       ,"Paired End, 2x100bp",illumina,/prj/Niels_Gehring/KD_different_cell_lines_with_SMG6_SMG7/batch3_19W14/workflow/mapping/A006200075_120307_S52_L002_STARmapping/Aligned.noS.bam,/prj/Niels_Gehring/KD_different_cell_lines_with_SMG6_SMG7/batch3_19W14/A006200075_120307_S52_L002_R1_001.fastq.gz
35,A006200075_120309,HeLa_SMG67      ,33G-12               ,HeLa TetOff (Z021)            ,SMG6+SMG7,3.0,TRUE    ,ERCC          ,polyA       ,"Paired End, 2x100bp",illumina,/prj/Niels_Gehring/KD_different_cell_lines_with_SMG6_SMG7/batch3_19W14/workflow/mapping/A006200075_120309_S53_L002_STARmapping/Aligned.noS.bam,/prj/Niels_Gehring/KD_different_cell_lines_with_SMG6_SMG7/batch3_19W14/A006200075_120309_S53_L002_R1_001.fastq.gz
36,A006200075_120311,U2OS_control    ,33G-13               ,U2OS                          ,Luc      ,1.0,TRUE    ,ERCC          ,polyA       ,"Paired End, 2x100bp",illumina,/prj/Niels_Gehring/KD_different_cell_lines_with_SMG6_SMG7/batch3_19W14/workflow/mapping/A006200075_120311_S54_L002_STARmapping/Aligned.noS.bam,/prj/Niels_Gehring/KD_different_cell_lines_with_SMG6_SMG7/batch3_19W14/A006200075_120311_S54_L002_R1_001.fastq.gz
37,A006200075_120313,U2OS_control    ,33G-14               ,U2OS                          ,Luc      ,2.0,TRUE    ,ERCC          ,polyA       ,"Paired End, 2x100bp",illumina,/prj/Niels_Gehring/KD_different_cell_lines_with_SMG6_SMG7/batch3_19W14/workflow/mapping/A006200075_120313_S55_L002_STARmapping/Aligned.noS.bam,/prj/Niels_Gehring/KD_different_cell_lines_with_SMG6_SMG7/batch3_19W14/A006200075_120313_S55_L002_R1_001.fastq.gz
38,A006200075_120315,U2OS_control    ,33G-15               ,U2OS                          ,Luc      ,3.0,TRUE    ,ERCC          ,polyA       ,"Paired End, 2x100bp",illumina,/prj/Niels_Gehring/KD_different_cell_lines_with_SMG6_SMG7/batch3_19W14/workflow/mapping/A006200075_120315_S56_L002_STARmapping/Aligned.noS.bam,/prj/Niels_Gehring/KD_different_cell_lines_with_SMG6_SMG7/batch3_19W14/A006200075_120315_S56_L002_R1_001.fastq.gz
39,A006200075_120317,U2OS_SMG67      ,33G-16               ,U2OS                          ,SMG6+SMG7,1.0,TRUE    ,ERCC          ,polyA       ,"Paired End, 2x100bp",illumina,/prj/Niels_Gehring/KD_different_cell_lines_with_SMG6_SMG7/batch3_19W14/workflow/mapping/A006200075_120317_S57_L002_STARmapping/Aligned.noS.bam,/prj/Niels_Gehring/KD_different_cell_lines_with_SMG6_SMG7/batch3_19W14/A006200075_120317_S57_L002_R1_001.fastq.gz
40,A006200074_120319,U2OS_SMG67      ,33G-17               ,U2OS                          ,SMG6+SMG7,2.0,TRUE    ,ERCC          ,polyA       ,"Paired End, 2x100bp",illumina,/prj/Niels_Gehring/KD_different_cell_lines_with_SMG6_SMG7/batchMar2_19W14/workflow/mapping/A006200074_120319_S25_L002_STARmapping/Aligned.noS.bam,/prj/Niels_Gehring/KD_different_cell_lines_with_SMG6_SMG7/batchMar2_19W14/A006200074_120319_S25_L002_R1_001.fastq.gz
41,A006200074_120321,U2OS_SMG67      ,33G-18               ,U2OS                          ,SMG6+SMG7,3.0,TRUE    ,ERCC          ,polyA       ,"Paired End, 2x100bp",illumina,/prj/Niels_Gehring/KD_different_cell_lines_with_SMG6_SMG7/batchMar2_19W14/workflow/mapping/A006200074_120321_S26_L002_STARmapping/Aligned.noS.bam,/prj/Niels_Gehring/KD_different_cell_lines_with_SMG6_SMG7/batchMar2_19W14/A006200074_120321_S26_L002_R1_001.fastq.gz
42,A006200074_120323,MCF7_control    ,33G-19               ,MCF7                          ,Luc      ,1.0,TRUE    ,ERCC          ,polyA       ,"Paired End, 2x100bp",illumina,/prj/Niels_Gehring/KD_different_cell_lines_with_SMG6_SMG7/batchMar2_19W14/workflow/mapping/A006200074_120323_S27_L002_STARmapping/Aligned.noS.bam,/prj/Niels_Gehring/KD_different_cell_lines_with_SMG6_SMG7/batchMar2_19W14/A006200074_120323_S27_L002_R1_001.fastq.gz
43,A006200074_120325,MCF7_control    ,33G-20               ,MCF7                          ,Luc      ,2.0,TRUE    ,ERCC          ,polyA       ,"Paired End, 2x100bp",illumina,/prj/Niels_Gehring/KD_different_cell_lines_with_SMG6_SMG7/batchMar2_19W14/workflow/mapping/A006200074_120325_S28_L002_STARmapping/Aligned.noS.bam,/prj/Niels_Gehring/KD_different_cell_lines_with_SMG6_SMG7/batchMar2_19W14/A006200074_120325_S28_L002_R1_001.fastq.gz
44,A006200074_120327,MCF7_control    ,33G-21               ,MCF7                          ,Luc      ,3.0,TRUE    ,ERCC          ,polyA       ,"Paired End, 2x100bp",illumina,/prj/Niels_Gehring/KD_different_cell_lines_with_SMG6_SMG7/batchMar2_19W14/workflow/mapping/A006200074_120327_S29_L002_STARmapping/Aligned.noS.bam,/prj/Niels_Gehring/KD_different_cell_lines_with_SMG6_SMG7/batchMar2_19W14/A006200074_120327_S29_L002_R1_001.fastq.gz
45,A006200074_120329,MCF7_SMG67      ,33G-22               ,MCF7                          ,SMG6+SMG7,1.0,TRUE    ,ERCC          ,polyA       ,"Paired End, 2x100bp",illumina,/prj/Niels_Gehring/KD_different_cell_lines_with_SMG6_SMG7/batchMar2_19W14/workflow/mapping/A006200074_120329_S30_L002_STARmapping/Aligned.noS.bam,/prj/Niels_Gehring/KD_different_cell_lines_with_SMG6_SMG7/batchMar2_19W14/A006200074_120329_S30_L002_R1_001.fastq.gz
46,A006200074_120331,MCF7_SMG67      ,33G-23               ,MCF7                          ,SMG6+SMG7,2.0,TRUE    ,ERCC          ,polyA       ,"Paired End, 2x100bp",illumina,/prj/Niels_Gehring/KD_different_cell_lines_with_SMG6_SMG7/batchMar2_19W14/workflow/mapping/A006200074_120331_S31_L002_STARmapping/Aligned.noS.bam,/prj/Niels_Gehring/KD_different_cell_lines_with_SMG6_SMG7/batchMar2_19W14/A006200074_120331_S31_L002_R1_001.fastq.gz
47,A006200074_120333,MCF7_SMG67      ,33G-24               ,MCF7                          ,SMG6+SMG7,3.0,TRUE    ,ERCC          ,polyA       ,"Paired End, 2x100bp",illumina,/prj/Niels_Gehring/KD_different_cell_lines_with_SMG6_SMG7/batchMar2_19W14/workflow/mapping/A006200074_120333_S32_L002_STARmapping/Aligned.noS.bam,/prj/Niels_Gehring/KD_different_cell_lines_with_SMG6_SMG7/batchMar2_19W14/A006200074_120333_S32_L002_R1_001.fastq.gz
48,A006200074_120335,MCF7_7KO_control,33G-25               ,MCF7 SMG7 KO 9                ,Luc      ,1.0,TRUE    ,ERCC          ,polyA       ,"Paired End, 2x100bp",illumina,/prj/Niels_Gehring/KD_different_cell_lines_with_SMG6_SMG7/batchMar2_19W14/workflow/mapping/A006200074_120335_S33_L002_STARmapping/Aligned.noS.bam,/prj/Niels_Gehring/KD_different_cell_lines_with_SMG6_SMG7/batchMar2_19W14/A006200074_120335_S33_L002_R1_001.fastq.gz
49,A006200074_120337,MCF7_7KO_control,33G-26               ,MCF7 SMG7 KO 9                ,Luc      ,2.0,TRUE    ,ERCC          ,polyA       ,"Paired End, 2x100bp",illumina,/prj/Niels_Gehring/KD_different_cell_lines_with_SMG6_SMG7/batchMar2_19W14/workflow/mapping/A006200074_120337_S34_L002_STARmapping/Aligned.noS.bam,/prj/Niels_Gehring/KD_different_cell_lines_with_SMG6_SMG7/batchMar2_19W14/A006200074_120337_S34_L002_R1_001.fastq.gz
50,A006200074_120339,MCF7_7KO_control,33G-27               ,MCF7 SMG7 KO 9                ,Luc      ,3.0,TRUE    ,ERCC          ,polyA       ,"Paired End, 2x100bp",illumina,/prj/Niels_Gehring/KD_different_cell_lines_with_SMG6_SMG7/batchMar2_19W14/workflow/mapping/A006200074_120339_S35_L002_STARmapping/Aligned.noS.bam,/prj/Niels_Gehring/KD_different_cell_lines_with_SMG6_SMG7/batchMar2_19W14/A006200074_120339_S35_L002_R1_001.fastq.gz
51,A006200074_120341,MCF7_7KO_SMG67  ,33G-28               ,MCF7 SMG7 KO 9                ,SMG6+SMG7,1.0,TRUE    ,ERCC          ,polyA       ,"Paired End, 2x100bp",illumina,/prj/Niels_Gehring/KD_different_cell_lines_with_SMG6_SMG7/batchMar2_19W14/workflow/mapping/A006200074_120341_S36_L002_STARmapping/Aligned.noS.bam,/prj/Niels_Gehring/KD_different_cell_lines_with_SMG6_SMG7/batchMar2_19W14/A006200074_120341_S36_L002_R1_001.fastq.gz
52,A006200074_120343,MCF7_7KO_SMG67  ,33G-29               ,MCF7 SMG7 KO 9                ,SMG6+SMG7,2.0,TRUE    ,ERCC          ,polyA       ,"Paired End, 2x100bp",illumina,/prj/Niels_Gehring/KD_different_cell_lines_with_SMG6_SMG7/batchMar2_19W14/workflow/mapping/A006200074_120343_S37_L002_STARmapping/Aligned.noS.bam,/prj/Niels_Gehring/KD_different_cell_lines_with_SMG6_SMG7/batchMar2_19W14/A006200074_120343_S37_L002_R1_001.fastq.gz
53,A006200074_120345,MCF7_7KO_SMG67  ,33G-30               ,MCF7 SMG7 KO 9                ,SMG6+SMG7,3.0,TRUE    ,ERCC          ,polyA       ,"Paired End, 2x100bp",illumina,/prj/Niels_Gehring/KD_different_cell_lines_with_SMG6_SMG7/batchMar2_19W14/workflow/mapping/A006200074_120345_S38_L002_STARmapping/Aligned.noS.bam,/prj/Niels_Gehring/KD_different_cell_lines_with_SMG6_SMG7/batchMar2_19W14/A006200074_120345_S38_L002_R1_001.fastq.gz
54,40-4,control,33K-1,HEK 293 Flp-In T-REx (Z023)   ,Luc      ,,TRUE    ,,polyA       ,Nanopore,Nanopore,/prj/Niels_Gehring/DFG_seq_Nanopore/bams/40-4_DRS_all_pass.bam,
55,40-5,control,33K-2,HEK 293 Flp-In T-REx (Z023)   ,Luc      ,,TRUE    ,,polyA       ,Nanopore,Nanopore,/prj/Niels_Gehring/DFG_seq_Nanopore/bams/40-5_DRS_all_pass.bam,
56,40-6,control,33K-3,HEK 293 Flp-In T-REx (Z023)   ,Luc      ,,TRUE    ,,polyA       ,Nanopore,Nanopore,/prj/Niels_Gehring/DFG_seq_Nanopore/bams/40-6_DRS_all_pass.bam,
57,40-7,control,33K-4,HEK 293 Flp-In T-REx (Z023)   ,Luc      ,,TRUE    ,,polyA       ,Nanopore,Nanopore,/prj/Niels_Gehring/DFG_seq_Nanopore/bams/40-7_DRS_all_pass.bam,
58,40-8,SMG7KO_6KD,33K-5,HEK 293 FT SMG7 KO AD-2 (Z245),SMG6,,TRUE    ,,polyA       ,Nanopore,Nanopore,/prj/Niels_Gehring/DFG_seq_Nanopore/bams/40-8_DRS_all_pass.bam,
59,40-9,SMG7KO_6KD,33K-6,HEK 293 FT SMG7 KO AD-2 (Z245),SMG6,,TRUE    ,,polyA       ,Nanopore,Nanopore,/prj/Niels_Gehring/DFG_seq_Nanopore/bams/40-9_DRS_all_pass.bam,
60,40-10,SMG7KO_6KD,33K-7,HEK 293 FT SMG7 KO AD-2 (Z245),SMG6,,TRUE    ,,polyA       ,Nanopore,Nanopore,/prj/Niels_Gehring/DFG_seq_Nanopore/bams/40-10_DRS_all_pass.bam,
61,40-11,SMG7KO_6KD,33K-8,HEK 293 FT SMG7 KO AD-2 (Z245),SMG6,,TRUE    ,,polyA       ,Nanopore,Nanopore,/prj/Niels_Gehring/DFG_seq_Nanopore/bams/40-11_DRS_all_pass.bam,
